"","solID","mape","decomp.rssd","nrmse","nrmse_train","facebook_S_thetas","newsletter_thetas","ooh_S_thetas","print_S_thetas","search_S_thetas","tv_S_thetas","facebook_S_alphas","newsletter_alphas","ooh_S_alphas","print_S_alphas","search_S_alphas","tv_S_alphas","facebook_S_gammas","newsletter_gammas","ooh_S_gammas","print_S_gammas","search_S_gammas","tv_S_gammas","cluster","n","top_sol"
"1","1_73_4",0,0.0133448589133403,0.0583643594310301,0.0583643594310301,0.461185393252606,0.52579504063903,0.281435575157164,0.473895820828518,0.450649171044792,0.678770257141732,0.943355377802921,0.815946842391615,0.133441250706192,0.402642223533546,0.934962825911306,0.313955460889129,0.731800083205478,0.43067449949312,0.00911477857704721,0.0994662819741439,0.786317937021442,0.271096898969503,4,54,FALSE
"2","1_89_7",0,0.0144525877467577,0.0579017430218701,0.0579017430218701,0.344245082236306,0.40951868460934,0.809174644874129,0.0235080875023694,0.448938165193763,0.639839963937052,0.930857125469585,0.919001163259978,0.181401715594481,0.402564453236285,0.985700277250595,0.321399291915747,0.620934265230986,0.418346467380558,0.0778259687777734,0.0934314770941235,0.805100264881925,0.269885882435485,4,54,FALSE
"3","1_92_4",0,0.0163298889980814,0.0578016355920526,0.0578016355920526,0.344245082236306,0.40951868460934,0.477022336045571,0.0235080875023694,0.448938165193763,0.639839963937052,0.930857125469585,0.919001163259978,0.284791253527865,0.504934999882931,0.985700277250595,0.389762296500693,0.620934265230986,0.418346467380558,0.11715750367578,0.0934314770941235,0.805100264881925,0.269885882435485,4,54,FALSE
"4","1_98_4",0,0.0136974053835982,0.0559995357629148,0.0559995357629148,0.087511143660949,0.552399291814124,0,0.247592063017985,0.892139047510452,0.349544459816713,0.67117959964061,0.661786442190586,0.117389088446559,0.458808815777782,0.722248130851669,0.164109320978659,0.67135230395458,0.403775607403506,0,0.0702050110464957,0.656249100096005,0.151254479858969,4,54,FALSE
"5","1_126_8",0,0.197076606557685,0.0466352204496299,0.0466352204496299,0.247213493673714,0.387322801443237,0.82165635850567,0.195734414555177,0.173364547065069,0.16131443168889,0.611545726426864,0.839047498714251,0.610948596424353,0.515271095357955,0.535096727614666,0.984367229104393,0.620359627190333,0.365344509639293,0.230488570087228,0.0529285136693413,0,0.068310551030069,3,44,FALSE
"6","1_127_8",0,0.0602110526899047,0.0475373858103931,0.0475373858103931,0.68175050425638,0.570954221254361,0.937941154558421,0.18925466849815,0.269610405903905,0.138098817678747,0.789040550398088,0.66552215641877,0.80493735444603,0.496297147428354,0.592491802845771,1,0.926447871835629,0.363435439719861,0.204765438121737,0.0516906399518709,0.0925729404725949,0.074589242823995,3,44,FALSE
"7","1_129_11",0,0.0561722115402583,0.0477410357937914,0.0477410357937914,0.373854164074909,0.254779897216296,0.726880363611968,0.0900519998118642,0.245680124010883,0.19031551986905,0.558312067171596,0.902958216859464,0.42707198305529,0.491165559637914,0.715820216325363,0.793165945169777,0.83474597541527,0.534193621140411,0.230774888803289,0.062360169484854,0.336376409385942,0.102138303385945,3,44,FALSE
"8","1_132_8",0,0.0657899717448206,0.0474264622242234,0.0474264622242234,0.373854164074909,0.254779897216296,0.726880363611968,0.00787476004690857,0.145542825762575,0.216989740651138,0.558312067171596,0.902958216859464,0.42707198305529,0.491165559637914,0.891182097685494,0.956891104703324,0.83474597541527,0.534193621140411,0.230774888803289,0.0929190172450652,0.358261712128444,0.0736546784571602,3,44,FALSE
"9","1_138_2",0,0.0510010492477521,0.0478141313717935,0.0478141313717935,0.373854164074909,0.11373236022358,0.600368520559274,0.0900519998118642,0.245680124010883,0.19031551986905,0.558312067171596,0.902958216859464,0.0587946424520498,0.258371787579443,0.715820216325363,0.793165945169777,0.83474597541527,0.502430376332426,0.0974345931479561,0.0492421088039521,0.336376409385942,0.102138303385945,3,44,FALSE
"10","1_143_4",0,0.0513080779924321,0.047876639653923,0.047876639653923,0.391590635481456,0.16209721023921,0.923876844661935,0.0989090068680125,0.258616457743287,0.1343141737,0.366985873483523,0.90411387982478,0.392689455397865,0.390054666292774,0.748440898430373,0.873341709017869,0.63626624626568,0.480721644347878,0.172896735537312,0.047933563758017,0.507385893757543,0.106018533848537,3,44,FALSE
"11","1_144_9",0,0.0154875228943407,0.0540616094407866,0.0540616094407866,0.288594605407054,0.372664166849721,0.675826274980336,0.239777923918426,0.255115982594842,0.329053425419167,0.719144821609335,0.744062282116363,0.286365937045176,0.779332986194254,0.951223461580385,0.413254416346741,0.570561527459363,0.492978982028333,0.146973942414961,0.0961006186973373,0.989782045412571,0.131565168079946,4,54,FALSE
"12","1_147_5",0,0.0343536665597686,0.0483723495293451,0.0483723495293451,0.556852248643335,0.352936194500402,0.913318669896886,0.0515193719210479,0.0560496755875548,0.152537382526652,0.651612639771249,0.810109038029602,0.263108600535057,0.450094746830982,0.845780591872545,0.465168655336248,0.709223638761555,0.616939959376356,0.170949392660573,0.0974554274964243,0.368421283115499,0.124015579268702,3,44,FALSE
"13","1_150_2",0,0.0416080651702647,0.0483102189213073,0.0483102189213073,0.105778954959679,0,0.620292948051333,0.0515193719210479,0.0560496755875548,0.152537382526652,0.633461546774611,0.941265568398909,0.080270580673631,0.3554017059092,0.845780591872545,0.465168655336248,0.445578459961077,0.587866361465286,0.101195678198252,0.0974554274964243,0.368421283115499,0.124015579268702,3,44,FALSE
"14","1_150_3",0,0.0181810453024304,0.0541163600309753,0.0541163600309753,0.288594605407054,0.372664166849721,0.675826274980336,0.309829057598473,0.255115982594842,0.329053425419167,0.719144821609335,0.744062282116363,0.286365937045176,0.779332986194254,0.855465530216023,0.413254416346741,0.570561527459363,0.492978982028333,0.146973942414961,0.0961006186973373,0.989782045412571,0.131565168079946,4,54,FALSE
"15","1_154_11",0,0.0516569350663139,0.0473813081688306,0.0473813081688306,0.403483271950058,0.222956806066469,0.902910214006151,0.0279550234132081,0.269610405903905,0.138098817678747,0.572558127755105,0.819637851715624,0.223374396128834,0.550016489947407,0.829980179115451,1,0.918576774639633,0.383573996291561,0.167632536171433,0.0646272702820406,0.401170933045083,0.074589242823995,3,44,FALSE
"16","1_155_9",0,0.113318146850782,0.046902577392716,0.046902577392716,0.346877712516122,0.443380467330805,0.647428591171628,0.126032050560863,0.120283624992151,0.152595332413045,0.518437522094359,0.818842526483738,0.12138464853374,0.23053286855032,0.86064291000443,0.983453014675845,0.916609000282026,0.415730893903055,0.0279655561389555,0.0880699864218281,0.521391028549821,0.0884260134152097,3,44,FALSE
"17","1_155_10",0,0.0589313901822262,0.0475590914870036,0.0475590914870036,0.369339059604874,0.211840457706949,0.976879905637502,0.171760090310996,0.0460778003156151,0.0140165205410835,0.602774094579942,0.857039942656062,0.525659266661422,0.693265501803438,0.657864020843174,0.815538101143684,0.716877903630916,0.462073082081817,0.222684482375706,0.0447022214451581,0.373321669781147,0.0469284917695932,3,44,FALSE
"18","1_157_3",0,0.0506155503863772,0.047815528879062,0.047815528879062,0.385905952293547,0.11373236022358,0.600368520559274,0.0900519998118642,0.245680124010883,0.19031551986905,0.558312067171596,0.902958216859464,0.0587946424520498,0.258371787579443,0.715820216325363,0.793165945169777,0.83474597541527,0.502430376332426,0.0974345931479561,0.0492421088039521,0.336376409385942,0.102138303385945,3,44,FALSE
"19","1_159_7",0,0.054369716370143,0.0477255196961343,0.0477255196961343,0.559130408586503,0.742355218060192,0.661641099648854,0.376795553082569,0.234462964022479,0.148029028190065,0.988376130902861,0.586245240851142,0.464576519639609,0.856369292483243,1,0.980399072886141,0.578000430125667,0.335927086662524,0.141235365308389,0.0906153781718155,0.541972359458258,0.0528826298660072,4,54,FALSE
"20","1_160_5",0,0.0432602676115389,0.0483129116768557,0.0483129116768557,0.189023104679715,0.222956806066469,0.902910214006151,0.0100773499171115,0.227231623464551,0.131281012626129,0.632677711534577,0.850283732967416,0.223374396128834,0.550016489947407,0.798931078824011,0.586096355443373,0.607242762182506,0.383573996291561,0.167632536171433,0.0646272702820406,0.335507534155039,0.0977471372911182,3,44,FALSE
"21","1_161_1",0,0.0367014838871829,0.0483167859875617,0.0483167859875617,0.294100748774306,0.352936194500402,0.913318669896886,0.0515193719210479,0.0560496755875548,0.152537382526652,0.491179010852,0.968872139465713,0.263108600535057,0.450094746830982,0.845780591872545,0.465168655336248,0.600575523420293,0.616939959376356,0.170949392660573,0.0974554274964243,0.368421283115499,0.124015579268702,3,44,FALSE
"22","1_161_3",0,0.0989054372843387,0.0468159566772082,0.0468159566772082,0.575952128912811,0.0924469220985377,0.885770155984063,0,0.120283624992151,0.152595332413045,0.518437522094359,0.988914522744146,0.0745090917301945,0.0701832458471624,0.855500578334177,0.983453014675845,0.916609000282026,0.494654709124444,0.105913230643267,0.0712996648003716,0.521391028549821,0.0884260134152097,3,44,FALSE
"23","1_162_3",0,0.0452554135757132,0.0479604333904372,0.0479604333904372,0.849382673654245,0.887643166216262,0.902376157091701,0.367187355758673,0,0.135921337013045,0.984632219710188,0.570048172751929,0.662919057851266,0.735132218370297,0.989419345043057,0.512935952556884,0.744732466224424,0.389077336011636,0.0908600954072306,0.0316664341861613,0.609355077007298,0.0822727553613943,2,20,FALSE
"24","1_162_8",0,0.092096031605775,0.046984189048209,0.046984189048209,0.547584324229392,0.0967040097275629,0.828689829038838,0.0900519998118642,0.245680124010883,0.160139369928737,0.526412431109807,0.97172326162792,0.0713662018745655,0.107820954164721,0.715820216325363,0.793165945169777,0.900236395285232,0.496209842644294,0.10421750314961,0.0492421088039521,0.336376409385942,0.102138303385945,3,44,FALSE
"25","1_163_2",0,0.11838532466477,0.0468297951363875,0.0468297951363875,0.403483271950058,0.222956806066469,0.814858638974535,0.00973237509753259,0.269610405903905,0.138098817678747,0.572558127755105,0.819637851715624,0.223374396128834,0.507910182972237,0.829980179115451,1,0.918576774639633,0.383573996291561,0.167632536171433,0.10684344671813,0.401170933045083,0.074589242823995,3,44,FALSE
"26","1_163_11",0,0.102292184206373,0.0468856548719059,0.0468856548719059,0.575952128912811,0.0924469220985377,0.885770155984063,0.121272600595403,0.120283624992151,0.152595332413045,0.518437522094359,0.988914522744146,0.0745090917301945,0,0.824288898658155,0.983453014675845,0.916609000282026,0.494654709124444,0.105913230643267,0.119521568054842,0.434427880560922,0.0884260134152097,3,44,FALSE
"27","1_164_9",0,0.0942572785122087,0.0469180656495132,0.0469180656495132,0.596565662843033,0.267333624747541,0.818317355758197,0.065428296843219,0.359056556533682,0.114183724587428,0.527242954750892,0.950045812572716,0.330626590787274,0.368825583179228,0.80131647873336,0.661708135964586,0.945626710771918,0.828426595048434,0.201724881265139,0.0733244145918806,0.33522044060591,0.117865599347192,3,44,FALSE
"28","1_164_11",0,0.0559098127796196,0.0477021905314971,0.0477021905314971,0.972911269823446,0.759428930380925,0.987554751755602,0.367187355758673,0.114503783351835,0.135921337013045,0.970835985495612,0.425386385580651,0.821257142858865,0.735132218370297,0.78590425890243,0.773802111303014,0.988110167271561,0.388915455483157,0.137476327708295,0.0316664341861613,0.757559742123466,0.0774913655578592,2,20,FALSE
"29","1_165_8",0,0.0698300144178718,0.0473617192548819,0.0473617192548819,0.523383404587882,0.671736144944509,0.892282886144826,0.232987456658939,0.327541333660657,0.0178547550190858,0.511443767967084,0.78185964335822,0.744655316697479,0.549695121915935,0.614348885283,0.855799203786848,0.978162206851785,0.43900264814553,0.274466119938842,0.0673364714487951,0.440288808702597,0.0821101496391551,3,44,FALSE
"30","1_165_10",0,0.126040905587493,0.0468208868966168,0.0468208868966168,0.403483271950058,0.222956806066469,0.73520713726746,0.0320348326024751,0.0895934558977539,0.138098817678747,0.572558127755105,0.819637851715624,0.223374396128834,0.4509187323588,0.878191799783265,1,0.918576774639633,0.383573996291561,0.167632536171433,0.118637841733432,0.401531887026935,0.074589242823995,3,44,FALSE
"31","1_166_3",0,0.104973461937347,0.0467581944917509,0.0467581944917509,0.410338301227728,0.287730077272412,0.868670417880202,0.0883108726245667,0.0115276288328791,0.147025364396099,0.620189840710358,0.873424670289338,0.329783074233972,0.389511854457965,0.852468443840544,0.826202760476889,0.760053595046456,0.606010040973007,0.166192896811948,0.126732859000528,0.476328093118812,0.0758233362574085,3,44,FALSE
"32","1_166_6",0,0.037278936942286,0.0483408399955503,0.0483408399955503,0.294100748774306,0.352936194500402,0.913318669896886,0.0515193719210479,0.0560496755875548,0.152537382526652,0.491179010852,0.835940537015283,0.263108600535057,0.450094746830982,0.845780591872545,0.465168655336248,0.600575523420293,0.616939959376356,0.170949392660573,0.0974554274964243,0.368421283115499,0.124015579268702,3,44,FALSE
"33","1_166_7",0,0.101794633351059,0.0469327864643453,0.0469327864643453,0.353249890042109,0.470876737519936,0.214208637038465,0.161078612500033,0.733373246354026,0.131395666530852,0.514390886687923,0.749579438520876,0.320569133577387,0.416838052645841,0.708659883744401,0.987130047511733,0.64948111876966,0.397570871928713,0.0325391711064886,0.0365759545637694,0.425414265519609,0.0842960872361637,3,44,FALSE
"34","1_168_2",0,0.0472006629428959,0.0477903748626392,0.0477903748626392,0.423415756395862,0.0862230746893965,0.673698369811979,0.0151162956359096,0.245680124010883,0.19031551986905,0.46201869468744,0.993876539542826,0.21682512794228,0.206230708728967,0.964367307731667,0.793165945169777,0.818918692493011,0.703706736122077,0.0498032511796057,0.0848636398311029,0.336376409385942,0.102138303385945,3,44,FALSE
"35","1_168_11",0,0.0488436787812091,0.0473736315366643,0.0473736315366643,0.410338301227728,0.287730077272412,0.868670417880202,0.0883108726245667,0.0115276288328791,0.147025364396099,0.618306331547958,0.873424670289338,0.329783074233972,0.389511854457965,0.852468443840544,0.826202760476889,0.489060686442948,0.606010040973007,0.166192896811948,0.126732859000528,0.476328093118812,0.0758233362574085,3,44,TRUE
"36","1_169_3",0,0.130125552855854,0.0466417216984627,0.0466417216984627,0.256590944671991,0.352936194500402,0.83998882064418,0.166891406044484,0.149901572727844,0.159559021831951,0.587472383336156,0.968872139465713,0.263108600535057,0.502235825681457,0.597233500466241,0.880527514310744,0.616402806342552,0.616939959376356,0.170949392660573,0.0618338964692734,0.0736842566778671,0.0794515566988951,3,44,FALSE
"37","1_169_6",0,0.0832034520741516,0.0472180249619203,0.0472180249619203,0.466751352204663,0.361680111895757,0.408743224823222,0.0899383774010551,0.235012842961842,0.033878390684369,0.477513317126259,0.96583475442458,0.737007146757351,0.724442362782364,0.89438291617928,0.825810253041031,0.825725934211009,1,0.0495713317061325,0.0824425938471853,0.165338826780507,0.104313747541448,3,44,FALSE
"38","1_170_2",0,0.127425782491891,0.0467830912270007,0.0467830912270007,0.362493225467045,0.302028083551871,0.745336338424604,0.116728910614599,0.585352821488009,0.152401351220734,0.660874402890793,0.797822496448609,0.421537639925317,0.552928596701207,0.571076316142175,0.954083215477903,0.620171407181926,0.833016738799607,0.159018141972758,0.115239612587696,0.712062018429274,0.04939045063868,3,44,FALSE
"39","1_170_3",0,0.0949944535712853,0.0469282728590594,0.0469282728590594,0.596565662843033,0.267333624747541,0.818317355758197,0.065428296843219,0.359056556533682,0.114183724587428,0.527242954750892,0.950045812572716,0.330626590787274,0.368825583179228,0.80131647873336,0.661708135964586,0.945626710771918,0.681153991720757,0.201724881265139,0.0733244145918806,0.33522044060591,0.117865599347192,3,44,FALSE
"40","1_170_10",0,0.110260560061367,0.0467084966999869,0.0467084966999869,0.393407913201373,0.0862230746893965,0.673698369811979,0.0151162956359096,0.320761641723114,0.195932831362272,0.539053392674765,0.993876539542826,0.21682512794228,0.206230708728967,0.964367307731667,0.874736519829314,0.831580518854261,0.703706736122077,0.0498032511796057,0.0848636398311029,0.100586788317987,0.0664870853617492,3,44,FALSE
"41","1_171_11",0,0.13793329176684,0.0466901814345735,0.0466901814345735,0.12583547627474,0.139565698675699,0.648292580436522,0.166891406044484,0.149901572727844,0.159559021831951,0.497424985731764,0.88480832830693,0.226081822500523,0.502235825681457,0.597233500466241,0.880527514310744,0.714288310487046,0.686353380655553,0.0740324794703939,0.0618338964692734,0.0736842566778671,0.0794515566988951,3,44,FALSE
"42","1_173_6",0,0.0753251160241643,0.0473106763238551,0.0473106763238551,0.314866469792993,0.504015796674619,0.897234863780781,0.150345297832702,0.411977603883224,0.0374145936314127,0.475260369984789,0.558608159502281,0.572018364913168,0.276412927278955,0.633226367267663,0.952110006156073,0.533778983381428,0.352953047760822,0.231561363211708,0.0272281417697309,0.417553144956808,0.0972123326822055,3,44,FALSE
"43","1_173_7",0,0.0995366379258968,0.0467307757151368,0.0467307757151368,0.393407913201373,0.160808286104292,0.690526996114964,0.0151162956359096,0.320761641723114,0.195932831362272,0.539053392674765,0.993876539542826,0.16576001878961,0.126550408689902,0.964367307731667,0.874736519829314,0.831580518854261,0.703706736122077,0.0293083273088548,0.108958804772753,0.100586788317987,0.0664870853617492,3,44,FALSE
"44","1_176_3",0,0.0685973163850203,0.0469271390054269,0.0469271390054269,0.314866469792993,0.504015796674619,0.897234863780781,0.0421620960860233,0.339004834175997,0.164229183742626,0.475260369984789,0.558608159502281,0.572018364913168,0.276412927278955,0.898139119614262,0.890211217054646,0.533778983381428,0.352953047760822,0.231561363211708,0.0926126721376331,0.163980059563601,0.0726321348342803,3,44,FALSE
"45","1_176_4",0,0.120310725583591,0.0466887402230813,0.0466887402230813,0.393407913201373,0.155253664892567,0.988660629089963,0.0151162956359096,0.320761641723114,0.195932831362272,0.539053392674765,0.993876539542826,0.288790568913238,0.126550408689902,0.964367307731667,0.874736519829314,0.831580518854261,0.703706736122077,0.0976050600489061,0.108958804772753,0.100586788317987,0.0664870853617492,3,44,FALSE
"46","1_177_2",0,0.122660919430074,0.0467846483223544,0.0467846483223544,0.410338301227728,0.287730077272412,0.613879333905114,0.129615664007314,0.0115276288328791,0.147025364396099,0.620189840710358,0.873424670289338,0.329783074233972,0.374902684597375,0.816846130759599,0.826202760476889,0.760053595046456,0.606010040973007,0.166192896811948,0.0820553354073703,0.476328093118812,0.0758233362574085,3,44,FALSE
"47","1_177_5",0,0.142992522211703,0.0466378360766727,0.0466378360766727,0.256590944671991,0.352936194500402,0.83998882064418,0.166891406044484,0.149901572727844,0.159559021831951,0.587472383336156,0.968872139465713,0.487366204965346,0.502235825681457,0.597233500466241,0.880527514310744,0.616402806342552,0.616939959376356,0.193960343556088,0.0618338964692734,0.0736842566778671,0.0794515566988951,3,44,FALSE
"48","1_179_10",0,0.0422535201323121,0.0481006158044584,0.0481006158044584,0.31734825924315,0.287730077272412,0.868670417880202,0.0883108726245667,0.0115276288328791,0.151434978851559,0.516981176823672,0.949782645630438,0.329783074233972,0.389511854457965,0.852468443840544,0.537375476424405,0.632471137722082,0.61475397565656,0.166192896811948,0.126732859000528,0.476328093118812,0.114377130645344,3,44,FALSE
"49","1_180_2",0,0.0469396516770648,0.0476527207761803,0.0476527207761803,0.256590944671991,0.938847795599527,0.770961242905837,0.166891406044484,0.149901572727844,0.159559021831951,0.587472383336156,0.968872139465713,0.562411391685479,0.989101273367979,0.597233500466241,0.880527514310744,0.616402806342552,0.616939959376356,0.165553420941827,0,0.0736842566778671,0.0794515566988951,3,44,FALSE
"50","1_181_7",0,0.113250240132854,0.0467970442352974,0.0467970442352974,0.160973003860815,0.232989965426757,0.841538895482099,0.0309108470425938,0.168016817170298,0.134158509379616,0.69031583995624,0.918720422625938,0.130582820402546,0.250284866797456,0.649572397433414,0.696722460565537,0.495457542261637,0.761264563547772,0.143048522409305,0.0879257834522803,0.233341315632924,0.101474796557663,3,44,FALSE
"51","1_181_8",0,0.0861450596595503,0.0468847578764383,0.0468847578764383,0.314866469792993,0.435533740791993,0.821233812609562,0.0532892360318266,0.339004834175997,0.164229183742626,0.475260369984789,0.558608159502281,0.626032757035569,0.211397596241963,0.862567829152122,0.890211217054646,0.533778983381428,0.522142356494118,0.256181754257517,0.0733078619175451,0.137419385638081,0.0726321348342803,3,44,FALSE
"52","1_182_7",0,0.114704781530329,0.0466558692012897,0.0466558692012897,0.547451425836505,0.411933009184859,0.850129001311202,0.0883108726245667,0.223297201699603,0.186151337871072,0.441454653519529,0.991871422484861,0.496599064785971,0.206430816682527,0.852468443840544,0.865029767978839,0.94127278483663,0.707426275342865,0.163320402297876,0.126732859000528,0.262060497308187,0.0683543355493209,3,44,FALSE
"53","1_182_10",0,0.0490189582810838,0.0477666982848777,0.0477666982848777,0.256590944671991,0.991012689381919,0.770961242905837,0.166891406044484,0.149901572727844,0.159559021831951,0.587472383336156,0.968872139465713,0.688477896191206,0.989101273367979,0.597233500466241,0.880527514310744,0.616402806342552,0.616939959376356,0.165553420941827,0,0.0736842566778671,0.0794515566988951,3,44,FALSE
"54","2_120_3",0,0.0131688989733283,0.0537456442637167,0.0537456442637167,0.341356848101496,0.569843594034962,0.474975545805409,1,0.400673782410632,1,0.86048531213552,0.687255087075627,0.400270321150586,0.977627862536721,0.896576741164056,0.585066022661377,0.326752838621669,0.232542780191893,0.0665519099710052,0.999363670528381,0.304478316303958,0.70835853509327,4,54,FALSE
"55","2_133_9",0,0.0213304845816606,0.0518198809727178,0.0518198809727178,0.488195031379551,0.558357028736059,0.982307557700874,0.322948349860279,0.854115745233823,0.162244388684006,0.958642936281638,0.793100891727782,0.292699046594348,0.555446465232658,0.84717933247511,0.665130152616929,0.491853917489873,0.28627615937063,0.0885598147465792,0.403989575464164,0.448653007988492,0,4,54,FALSE
"56","2_142_9",0,0.018180607844815,0.0513571031936561,0.0513571031936561,0.434598240252473,0.520156925029979,0.937875199248761,0.868044134136551,0.496009898960571,0.552462052027898,0.862157878952184,0.746094183828468,1,0.767619350226628,0.974275857345138,0.782229113085867,0.555040675867238,0.1925765037529,0.105619099625749,1,0.495344366272571,0.188646359119461,4,54,FALSE
"57","2_143_8",0,0.0214924236588452,0.0501727074710571,0.0501727074710571,0.59540716378708,0.534764606500987,0.861039577471403,0.324247067084743,0.21590030625612,0.451691857818501,0.87709566302593,0.747618192502349,0.125766796754417,0.739902089335012,0.560385050565364,0.619154975057232,0.675913156992231,0.358807659347879,0.155166660679222,0.518749370869071,0.738717649430934,0.178604305871837,4,54,FALSE
"58","2_149_2",0,0.0205489686758122,0.0501042782814983,0.0501042782814983,0.532911510660934,0.534764606500987,0.861039577471403,0.324247067084743,0.21590030625612,0.451691857818501,0.87709566302593,0.946288967801262,0.125766796754417,0.739902089335012,0.560385050565364,0.619154975057232,0.598299452239269,0.424444180005778,0.155166660679222,0.518749370869071,0.738717649430934,0.178604305871837,4,54,FALSE
"59","2_150_1",0,0.13320838230094,0.046634389956134,0.046634389956134,0.996868249291358,0.466642245124731,0.831100034418581,0.0829994797097651,0.133418198950565,0.122653087650444,0.832080947405399,0.968759784059407,0.235937935459294,0.0896308237209721,0.349801917545139,0.935926716984608,0.731964788738466,0.284766152899212,0.304059822886981,0.539299156403361,0.445362321421747,0.0850426393795364,2,20,FALSE
"60","2_155_6",0,0.133442992901647,0.0466319824443957,0.0466319824443957,0.996868249291358,0.466642245124731,0.831100034418581,0.0829994797097651,0.133418198950565,0.122653087650444,0.855466904726693,0.968759784059407,0.235937935459294,0.0896308237209721,0.349801917545139,0.935926716984608,0.731964788738466,0.284766152899212,0.304059822886981,0.539299156403361,0.445362321421747,0.0850426393795364,2,20,FALSE
"61","2_160_11",0,0.046463920874068,0.0478813953108628,0.0478813953108628,0.990902211881902,0.531569419265191,0.855051668581373,0.275997549564038,0.199403884878455,0.101886137744479,0.899425202915051,0.865142473458516,0.137091105639302,0.609847836269998,0.518268423961319,0.935926716984608,0.89107288364028,0.355762495525766,0.0994774046181484,0.522859328079476,0.68004658377433,0.0850426393795364,2,20,FALSE
"62","2_161_3",0,0.0300897286348623,0.0487997599753746,0.0487997599753746,0.058058484362448,0.597031110789803,0.997669790288204,0.372727095782499,0.160878606509536,0.112279585464764,0.944501018123242,0.513654153287282,0.589227301054372,0.741847846822695,0.268581292306217,0.870046180115629,0.355175034308045,0.429246085431274,0.292570370621777,0.455896071511953,0.894785584727001,0.0609928900003228,4,54,FALSE
"63","2_162_4",0,0.0315398461422604,0.0485744464819111,0.0485744464819111,0.437414360431255,0.578683987351163,0.710234214457527,0.324702910001513,0.198931050388007,0.175156036294353,0.853193435396456,0.607265711141758,0.0499153630614035,0.878987095134358,0.396522572311785,0.66767086339823,0.412274418392657,0.347333562786239,0.401480670654753,0.484436187630867,0.516332757300485,0.140803134391134,4,54,FALSE
"64","2_166_5",0,0.0499556760402078,0.0478534625886409,0.0478534625886409,0.990902211881902,0.531569419265191,0.97090563188045,0.237033261214057,0.199403884878455,0.101886137744479,0.899425202915051,0.865142473458516,0.137091105639302,0.394536429091819,0.518268423961319,0.935926716984608,0.89107288364028,0.355762495525766,0.0994774046181484,0.553597840369332,0.68004658377433,0.0850426393795364,2,20,FALSE
"65","2_167_9",0,0.0315828652257463,0.0485745853418247,0.0485745853418247,0.437414360431255,0.578683987351163,0.710234214457527,0.324702910001513,0.220899376351738,0.175156036294353,0.853193435396456,0.607265711141758,0.0499153630614035,0.878987095134358,0.396522572311785,0.66767086339823,0.412274418392657,0.347333562786239,0.401480670654753,0.484436187630867,0.516332757300485,0.140803134391134,4,54,FALSE
"66","2_168_11",0,0.0398434813164191,0.0481335434078029,0.0481335434078029,0.503870515857652,0.524111565936283,0.809202400013125,0.282187600438964,0.260912935650707,0.151597787504026,0.928173272177047,0.172454556814008,0.237686952773991,0.820809671833621,0.383180077346713,0.887400484459104,0.857867384307589,0.305320897138283,0.0627893214365833,0.469266579373793,0.576052679466262,0.0763383231096318,4,54,FALSE
"67","2_169_2",0,0.102323874760334,0.0468001064729713,0.0468001064729713,0.990902211881902,0.531569419265191,0.855051668581373,0.275997549564038,0.199403884878455,0.118499697693743,0.899425202915051,0.865142473458516,0.137091105639302,0.609847836269998,0.518268423961319,0.935926716984608,0.89107288364028,0.355762495525766,0.0994774046181484,0.522859328079476,0.68004658377433,0.0850426393795364,2,20,FALSE
"68","2_175_4",0,0.0200316520439801,0.0492162189148606,0.0492162189148606,0.0197607104274314,0.660986732795574,0.505729049565431,0.339888906654933,0.0447831656437696,0.148489705111995,1,0,0.494177417940246,0.860884140464225,0.995030784859245,0.907214528466677,0.363135543665172,0.0872523829214374,0.113095778041411,0.985201931751871,0.66064889776068,0.0825029129957564,4,54,FALSE
"69","2_176_4",0,0.119696907476389,0.046514449233855,0.046514449233855,0.964304193476806,0.4929479775946,0.813473780084334,0.322403652019623,0.431007887447167,0.238230164689487,0.808976480175953,0.999682942285023,0.0839938138572175,0.54971453624319,0.802076694975503,0.812062188620771,0.863240566424122,0.453460863343981,0.128590453844869,0.445090459508392,0.385370835526567,0.0842959641202624,2,20,FALSE
"70","2_176_7",0,0.0366393346264039,0.0481570014928202,0.0481570014928202,0.789143137230579,0.487218580903439,0.84084693623809,0.40259280708939,0.172827332918042,0.19748272429766,0.865412774573873,0.765322167813596,0.573892706137472,0.63702872146642,0.546875737073619,0.90269591590241,0.820066710377341,0.350859723846949,0.0882767731102572,0.605564575215233,0.700634652294726,0.0899378392312836,2,20,FALSE
"71","2_177_1",0,0.0403347252709454,0.0479297207995148,0.0479297207995148,0.819101583931165,0.42846496040882,0.896499422463808,0.0784544329734294,0.0167132879899068,0.0935834094738623,0.948262251081289,0.168799402155956,0.382280353111311,0.076335508574513,0.810135423912004,0.970197517406785,0.925831238335342,0.247588722810324,0.0261341572900834,0.504134681553174,0.60163428960996,0.0341165229072446,2,20,FALSE
"72","2_177_2",0,0.0448149123492254,0.047927407763376,0.047927407763376,0.435841017752378,0.610217540677882,0.915908115513354,0.260587290507049,0.260912935650707,0.182738464155615,0.938304955726233,0.233020786469743,0.231677037822023,0.955423119319191,0.383180077346713,0.887400484459104,0.573760261888653,0.451578380256049,0.0446317047831002,0.475901842809627,0.576052679466262,0.0763383231096318,4,54,FALSE
"73","2_177_10",0,0.0512037281665894,0.0474447708317026,0.0474447708317026,0.896468702098392,0.51390583943776,0.921727226403669,0.213712882138823,0.139094252462269,0.190209391355978,0.880166874193521,0.790823953585651,0.147035269276098,0.356355004022123,0.466011672166692,0.717279352726133,0.776662164606421,0.338752406199123,0.195493016451748,0.545774861716082,0.315031714258102,0.134227363347169,2,20,FALSE
"74","2_179_1",0,0.0493194805673561,0.0479518690689774,0.0479518690689774,0.355469713778151,0.627800897999806,0.813473780084334,0.322403652019623,0.431007887447167,0.253187105555682,0.805967493760985,0.725127725732427,0.249551372211666,0.54971453624319,0.802076694975503,0.731941118827866,0.406715603225727,0.598786753479867,0.341739424594005,0.445090459508392,0.385370835526567,0.105797057731426,4,54,FALSE
"75","2_179_9",0,0.03039214969144,0.0489247341145368,0.0489247341145368,0.113493463465454,0.472122897500556,0.817324874438528,0.280405255303904,0.211694738524102,0.202380150470871,0.906233447865235,0.516648325597919,0.232063081396803,0.887226246331081,0.371174465266333,0.666157372298829,0.448293207601607,0.281198855133055,0.297087236678132,0.445501687519814,0.450197940261159,0.122816728948881,4,54,FALSE
"76","2_180_9",0,0.0184888314050662,0.0500182382027855,0.0500182382027855,0.033108835460372,0.583719907565251,0.505729049565431,0.339888906654933,0.0510302271591066,0.0425746802515864,0.891147895442572,0.350331944611279,0.494177417940246,0.860884140464225,0.909229651751856,0.952783718094727,0.485635963473248,0.110734403608964,0.113095778041411,0.985201931751871,0.703517283209131,0.0143888603245252,4,54,FALSE
"77","2_181_3",0,0.0544104816005893,0.0471767795011166,0.0471767795011166,0.426324382180009,0.413331678166831,0.812026504619282,0.1955916316944,0.532615190722489,0.188696079110344,0.754112476908049,0.312990755342697,0.194297922538056,0.622897875619042,0.511046083086148,0.797809253320566,0.746944487747827,0.667913734374298,0.144853315364605,0.458147786264061,0.412311597764475,0.0962680363567916,4,54,FALSE
"78","2_181_5",0,0.0813032547607648,0.0472978767946866,0.0472978767946866,0.866002100030443,0.45671291254629,0.534032084619294,0.139645704897325,0.388681930119709,0.266272262397332,0.817132783157108,1,0.400607578868048,0.314379986781783,0.980164208394167,0.979636057115036,0.840992697881889,0.317200136273197,0.111865200688745,0.734071565465917,0.402577820193773,0.0783621616902057,2,20,FALSE
"79","2_181_9",0,0.0426565377980024,0.0477904826868387,0.0477904826868387,0.918084105276521,0.534049425597838,0.760133333407299,0.372231386013571,0.431007887447167,0.253187105555682,0.805967493760985,0.996467754029479,0.109149994630576,0.752508802128181,0.843882096411204,0.731941118827866,0.863464149105304,0.496134112793346,0.0944077584926829,0.426758032530076,0.385370835526567,0.105797057731426,2,20,TRUE
"80","2_182_8",0,0.0433306186143258,0.0478805171153507,0.0478805171153507,0.478145610608762,0.555354067705399,0.726647866988365,0.152717987372726,0.263960067601223,0.287540569683006,0.848263503394504,0.670980301184121,0.0768730787907018,0.765714742275947,0.644008761789896,0.798036000082046,0.399315232285065,0.315992266670298,0.322078067202498,0.510741642149057,0.178470688252685,0.150150311891606,4,54,FALSE
"81","2_182_9",0,0.154823074150528,0.0466579712040292,0.0466579712040292,0.703144977715603,0.494027673074571,0.907875745730023,0.210287496496529,0.190682932845656,0.161389660126876,0.936410616881397,0.9492509404468,0.231105096191948,0.347831004847277,0.661649583956996,0.845524464842892,0.733384316950196,0.348572089773489,0.0923144733217963,0.610104545584185,0.806537025683869,0.0473015658763426,2,20,FALSE
"82","3_121_7",0,0.0254571461468863,0.0497395909946423,0.0497395909946423,0.010629281280546,0.913913658617725,0.875950213001304,0.253310387287661,0.428647890836205,0.0402908430963448,0.481257040872321,0.455394787611767,0.083729590784256,0.705744764439152,0.44624265575245,0.0993001580279899,0.485537692709869,0.800591608051521,0.394588536832533,0.623692396821668,0.708109667807958,0.776481780745506,1,17,FALSE
"83","3_122_4",0,0.0175165993849521,0.0510645572862066,0.0510645572862066,0.0173412462842165,0.655592624981035,0.904536786998402,0.247484152023782,0.610341367057541,0.0237384331657278,0.738920944962163,0.248505301820904,0.745564148944615,0.607669894016295,0.437082602030987,0,0.390513766058311,0.437716353444573,0.0130742374933156,0.608584200549938,0.528641469183468,0.805958769435996,1,17,FALSE
"84","3_122_6",0,0.0187241819092039,0.0525703443401326,0.0525703443401326,0.02449612089056,0.86489730316037,0.949417041683012,0.175598165899782,0.584916172580453,0.196914294605335,0.580093903593806,0.267753803472378,0.00405219226947983,0.684863869760084,0.441929292322405,0.106970873922637,0.418604339046461,0.567748795424088,0.419788057364162,0.636697991335834,0.882633081410961,0.979780061007388,1,17,FALSE
"85","3_127_11",0,0.0188217563890791,0.0522699706775998,0.0522699706775998,0.0401780434080338,0.697453560596818,0.913512837795591,0.175598165899782,0.656043926811987,0.223677062515039,0.836408553027484,0.256273856490012,0.597261757649274,0.623108689136156,0.441929292322405,0.101537157201093,0.429840553917921,0.474396285756117,0.0944170014701874,0.614206958707117,0.617335582648485,0.841088799121819,1,17,FALSE
"86","3_157_3",0,0.0260965366981071,0.0495567733883961,0.0495567733883961,0.121335905106542,0.844930735265066,0.908468132731685,0.163118666437395,0.561670550187234,0.0151405801681957,0.0985020231403871,0.486543738721288,0.0709424386542738,0.832998490105631,0.462619128910116,0.108611072478011,0.421523795827439,0.262038674436302,0.369056895384538,0.645493028956244,0.77413424235056,1,1,17,FALSE
"87","3_158_2",0,0.0315727383165844,0.0493174834915318,0.0493174834915318,0.215704799709143,0.901222521772486,0.849104306675476,0.220630933004897,0.450387717840144,0.0477636174608169,0.512676575450394,0.919303285982942,0.179755565368088,0.742261404300353,0.472081140343202,0.107792215398897,0.802881299349597,0.784613736743579,0.326414484083814,0.56664593401378,0.762807482814488,0.694694284799518,1,17,FALSE
"88","3_164_7",0,0.0235969176257159,0.0489720311254485,0.0489720311254485,0.07121984668317,0.667728197266429,0.992865754124517,0.218510720398225,0.121619458196541,0.0160338127713571,0.295104316131706,0.227423088809565,0.526545857585111,0.66478459023757,0.387573388322144,0.124617363560173,0.313900854553649,0.459483072662214,0.0888892309536213,0.743294940509656,0.426317621977942,0.443914838461022,1,17,FALSE
"89","3_165_3",0,0.0207965268152669,0.0497981712782746,0.0497981712782746,0,0.890368427261375,0.946426957489028,0.287011106664738,0.392110662971507,0.0815475543220531,0.244387828517701,0.574776123587139,0.280566027532581,0.70765444920289,0.44624265575245,0.144993502822153,0.293596082524404,0.540342864300193,0.311112536900044,0.83394251575059,0.708109667807958,0.585130802370503,1,17,FALSE
"90","3_169_7",0,0.0106955132074716,0.0511821122498172,0.0511821122498172,0.451929226107323,0.88243917457706,0.88276910625349,0.286046858401885,0.805908110354187,0.0928040405296616,0.72415200430261,0.165982435562912,0.053212181389054,0.731546414897307,0.553662576128,0.123952298288051,0.733071876539754,0.532408559781167,0.0905603070884755,0.517145412860213,0.826376208682902,0.142316411329078,4,54,FALSE
"91","3_173_5",0,0.0220711355533229,0.0498234331889046,0.0498234331889046,0.0247264852103947,0.945990511679926,0.86122000683481,0.327113317369509,0.373637557568114,0.132824383306274,0.422175864363487,0.574776123587139,0.24927153911689,0.830665730700015,0.321438770848765,0.196557232213117,0.242644456341289,0.540342864300193,0.313200570578791,0.693391069025979,0.865827579496833,0.529379344931142,1,17,FALSE
"92","3_173_7",0,0.0348598448985853,0.0488910740725109,0.0488910740725109,0.121335905106542,0.844930735265066,0.812431573427288,0.165229919152555,0.481790326512077,0.0812347121977242,0.261606226610007,0.486543738721288,0.0709424386542738,0.830161965115997,0.550240436010252,0.174030560383323,0.271414982817495,0.262038674436302,0.328279499374015,0.521698714384517,0.562811363051344,0.342344887596064,1,17,FALSE
"93","3_174_9",0,0.0190602016501798,0.0500010208047578,0.0500010208047578,0.0579994182729431,0.842757387600784,0.863864861422943,0.220759920434476,0.288770992530094,0,0.454041589088894,0.420640940483823,0.102941332216353,0.595738872430388,0.387995912775652,0.00722320366676793,0.527054941374423,0.717783449529088,0.260301729665668,0.845004912345312,0.843055759876052,0.803398738845295,1,17,FALSE
"94","3_175_10",0,0.0314760384165037,0.0494900219598683,0.0494900219598683,0.129352643690822,0.676113220404197,0.910929351785821,0.24816778760537,0.437956500269118,0.017975975753062,0,0.327524761119483,0.649116993602513,0.944942824119202,0.566318180359121,0.230242710588693,0.486539531876897,0.78687939350956,0.306155918290259,0.580970617417233,0.978460781365765,0.342073552492871,1,17,FALSE
"95","3_178_2",0,0.0315515672944478,0.0488785359759423,0.0488785359759423,0.0195686734777015,0.709471966177056,0.652673013624975,0.0987370361583857,0.210767789274104,0.0221114295568255,0.23819380801484,0.316429261196006,0.223569132771174,0.879145845635214,0.432495548397653,0.156529943236732,0.548495838665763,0.612080884858395,0.173150967078985,0.210139032698212,0.46077519239301,0.263648197678738,1,17,FALSE
"96","3_179_1",0,0.0231081354648244,0.0489412717559054,0.0489412717559054,0.121335905106542,0.844930735265066,0.965892607750384,0.165229919152555,0.481790326512077,0.0812347121977242,0.261606226610007,0.486543738721288,0.266398911502107,0.684713654494953,0.550240436010252,0.174030560383323,0.271414982817495,0.262038674436302,0.223431323001014,0.836411427186791,0.562811363051344,0.342344887596064,1,17,TRUE
"97","3_180_1",0,0.0210725831186532,0.0501433859174695,0.0501433859174695,0.170868960082438,0.534678569664366,0.912931939630099,0.216281962912518,0.74543554596559,0.0796677911456536,0.670005863439175,0.76942798037395,0.713837726030741,0.655207924271262,0.544442116938361,0.114433349733537,0.680252371493946,0.46656213362261,0.0771510900468683,0.782683253016089,0.796277961244007,0.217538129929655,1,17,FALSE
"98","3_181_7",0,0.024848004995786,0.0494921855358862,0.0494921855358862,0,0.890368427261375,0.946426957489028,0.287011106664738,0.443739608399055,0.0457346304431136,0.244387828517701,0.574776123587139,0.280566027532581,0.70765444920289,0.44624265575245,0.125114891801953,0.293596082524404,0.540342864300193,0.311112536900044,0.83394251575059,0.329125717370321,0.554147029497021,1,17,FALSE
"99","3_181_9",0,0.0140759600121377,0.05052033590538,0.05052033590538,0.0381401780596018,0.693460247057925,0.886115744004713,0.165229919152555,0.584631158948448,0.0352376889745762,0.643458001243202,0.296112989221218,0.61063980684686,0.652168308265133,0.550240436010252,0.034806112071382,0.366694009433591,0.402580817682046,0.076115289858645,0.591207103316854,0.535475448066578,0.71323599306801,1,17,FALSE
"100","5_144_7",0,0.0532299606949178,0.0477473414532864,0.0477473414532864,0.653425174431409,0.773343629442374,0.989092312816785,0.23561085847223,0.700555964273093,0.175092634296318,0.804037359892985,0.876839149384064,0.26209368758287,0.829868642152911,0.333921064548036,0.552512124955678,0,0.946072002734047,0.542037735518736,0.0946941075127925,0.759412958925379,0.0974045390751375,4,54,FALSE
"101","5_146_8",0,0.0616176731827173,0.0474093092768274,0.0474093092768274,0.543765353501467,0.553024283504286,0.993056711660645,0.49548735895055,0.785142149846974,0.163241998984567,0.714998836223462,0.831882123609363,0.106505038289633,0.890674702628067,0.563388426578316,0.558869191907998,0.77183029026669,0,0.232572931336206,0.231763660516147,0.821771540596922,0.0926296874960944,4,54,FALSE
"102","5_153_10",0,0.0957478680071188,0.0470860878000057,0.0470860878000057,0.397631485370734,0.589811097947197,0.925363295633048,0.305646007902639,0.827639833718497,0.189685393012107,0.940754332478081,0.916402516034331,0.0385995084788963,0.866838575230902,0.468709574313773,0.588844186428789,0.150728484867212,0.949219280561971,0.0992402787319249,0.436971355143872,0.771851425393175,0.104116902938919,4,54,FALSE
"103","5_156_4",0,0.0328813426188763,0.0490758517888985,0.0490758517888985,0.603831887696769,0.991637167322203,0.902773129078837,0.251160559689215,0.821600639519672,0.273168611998334,0.847073319935895,0.942457547838052,0.322039122044835,0.725351450272779,0.314983968236054,0.583011551482248,0.408351371588656,0.389990438858841,0.0721188890163686,0.57896405340844,0.809898564177828,0.154226339996825,4,54,FALSE
"104","5_157_7",0,0.0610845746398391,0.0474655244244693,0.0474655244244693,0.543765353501467,0.553024283504286,0.993056711660645,0.49548735895055,0.850009595151585,0.193820095670333,0.714998836223462,0.831882123609363,0.106505038289633,0.890674702628067,0.563388426578316,0.585329535739283,0.77183029026669,0,0.232572931336206,0.231763660516147,0.857693520408114,0.100401404717181,4,54,FALSE
"105","5_161_9",0,0.0333108633043334,0.0490757298425599,0.0490757298425599,0.603831887696769,0.991637167322203,0.902773129078837,0.251160559689215,0.828457231440422,0.273168611998334,0.847073319935895,0.942457547838052,0.322039122044835,0.725351450272779,0.314983968236054,0.583011551482248,0.408351371588656,0.389990438858841,0.0721188890163686,0.57896405340844,0.809898564177828,0.154226339996825,4,54,FALSE
"106","5_162_8",0,0.0328243162282921,0.0483176429296592,0.0483176429296592,0.471180387623539,0.994860508573542,0.993385378729995,0.225097297895862,0.747790309058534,0.193530910148571,0.87656737781464,0.86706080311711,0.419872283998137,0.614555846750927,0.282982926570622,0.507989401083549,0.204137887841099,0.318813077043026,0.167644906923467,0.544909644934265,0.746494795954863,0.153188231781081,4,54,FALSE
"107","5_163_1",0,0.0605710106501941,0.0474514538412093,0.0474514538412093,0.490107172732606,0.553024283504286,0.993056711660645,0.49548735895055,0.666351692063653,0.163241998984567,0.714998836223462,0.723810529679432,0.106505038289633,0.890674702628067,0.563388426578316,0.571127019234164,0.953021853994398,0,0.232572931336206,0.231763660516147,0.821771540596922,0.0982594621180312,4,54,FALSE
"108","5_163_2",0,0.0360862527551929,0.0485775664808476,0.0485775664808476,0.358043739975043,0.617278282823604,0.944969063723557,0.199923087340504,0.743939712660364,0.160542961993958,0.772644521837315,0.75728643411985,0.39458360952686,0.657586153496978,0.342893351302332,0.43065502300171,0.0857969708870506,0.563750702795906,0.149059179171628,0.736387115892907,0.743302454781095,0.19014952251338,4,54,FALSE
"109","5_166_6",0,0.0486567486563733,0.0475692586059951,0.0475692586059951,0.79210656835018,0.485499439446743,0.893648293521538,0.342298460059737,0.962007816888654,0.178015169290548,0.864471347933248,0.351168362952435,0.163772166113166,0.77204633410154,0.599492765630856,0.585874029612187,0.555550680279958,0.464486311501363,0.00837090626333349,0.422750650851892,1,0.0913771377547543,4,54,FALSE
"110","5_166_10",0,0.0584689937299753,0.0475348360841302,0.0475348360841302,0.233496876911645,0.644775564646096,1,0.207363540778372,0.91003318828139,0.191758267293698,0.860197900550644,0.834124862875195,0.107271775079836,0.853373707358738,0.529601497668245,0.528781355512582,0.324288046568099,0.619614317686027,0.229420188959362,0.155862112884431,0.831518258725634,0.107063254137214,4,54,FALSE
"111","5_168_6",0,0.0532035730191684,0.0477467668884887,0.0477467668884887,0.543765353501467,0.553024283504286,0.993056711660645,0.49548735895055,0.666351692063653,0.144336095971172,0.714998836223462,0.831882123609363,0.106505038289633,0.890674702628067,0.563388426578316,0.567758751281474,0.77183029026669,0,0.232572931336206,0.231763660516147,0.821771540596922,0.0664787277543105,4,54,FALSE
"112","5_169_11",0,0.043664865735925,0.0481397676571512,0.0481397676571512,0.600040332795574,0.991637167322203,0.902773129078837,0.258650178794116,0.828457231440422,0.222152385978666,0.871643457813918,0.462891849642886,0.322039122044835,0.725351450272779,0.602635884355737,0.583011551482248,0.478766446045183,0.67737104992716,0.0721188890163686,0.57896405340844,0.809898564177828,0.154226339996825,4,54,FALSE
"113","5_170_7",0,0.101546272416439,0.0469885622238456,0.0469885622238456,0.345555735728925,0.212545742899718,0.891567024895575,0.322087572977887,0.764792138136678,0.257496972561464,0.910055077819795,0.844761861043139,0,0.757598337342612,0.42457274769562,0.610644983184305,0.24372066275624,0.676800917812771,0.138170612873184,0.234872118455916,0.844796038123261,0.117951485189825,4,54,FALSE
"114","5_171_1",0,0.0621541340420697,0.0473990817773829,0.0473990817773829,0.673759694913728,0.492487368292111,0.900782985843526,0.300780911034398,0.712519487516592,0.149540538127248,0.78132188247669,0.445262801039729,0.169180533462438,0.79852553963947,0.267309285309169,0.604123611559203,0.439792666129845,0.37734813119062,0.16979008413372,0.530746509654214,0.815039218338629,0.0741493406358942,4,54,FALSE
"115","5_171_2",0,0.14342334453962,0.0467991570321845,0.0467991570321845,0.0885023248501216,0.257204456621299,0.933099296900135,0.358800448542848,1,0.257366376100881,0.89041685087037,0.88363623544393,0.0380253460501453,0.870478041616299,0.728223376501803,0.60893316942002,0.0615429719684136,0.756531892539198,0.512498057570469,0.304421984509887,0.909329716153383,0.0982778775983196,4,54,FALSE
"116","5_171_3",0,0.0508401610067203,0.0479027666994504,0.0479027666994504,0.543765353501467,0.553024283504286,0.993056711660645,0.49548735895055,0.666477383488425,0.248069359236344,0.714998836223462,0.831882123609363,0.106505038289633,0.890674702628067,0.563388426578316,0.605221738708977,0.77183029026669,0,0.232572931336206,0.231763660516147,0.821771540596922,0.11259502554779,4,54,FALSE
"117","5_171_10",0,0.238112009266079,0.0463878025853127,0.0463878025853127,1,0.452763604857794,0.808153441464037,0.336396670967109,0.490635556709082,0.167717202748398,0.888341462379232,0.953579816226087,0.118268242352687,0.680804445012059,0,0.674314703136511,0.89319230636728,0.946072002734047,0.549240014460287,0.423767021366561,0.325095723948617,0.0620382651558776,2,20,FALSE
"118","5_172_3",0,0.181322707178741,0.0466523912825979,0.0466523912825979,0.289625388642346,0.0652851324935842,0.870754858442203,0.20336220065621,0.80531694217659,0.212507841969003,0.869960343879967,0.9841691347156,0.0279955997215525,0.625413590005123,0.434841030077786,0.619715270544392,0.161904718532594,0.679075517000571,0.540773450525459,0.754375335467069,0.776383324148257,0.0819254554261569,4,54,FALSE
"119","5_173_2",0,0.0726571750500051,0.0472288132421723,0.0472288132421723,0.89350266440421,0.617584738944372,0.894879138149152,0.329264126245873,0.764829571965876,0.198522552430741,0.863669896472873,0.989217866768819,0.294223195268974,0.510943640974767,0.30704636442868,0.611572343447379,1,0.374324153141561,0.235482490405468,0.178584487576977,0.713560200500696,0.103310963883577,2,20,FALSE
"120","5_173_8",0,0.0879016493048918,0.0469687206831544,0.0469687206831544,0.467057165026427,0.533200666613176,0.956488767581324,0.278596376677435,0.732297290687142,0.17972512529084,0.854078672458698,0.933437351471749,0.0165424465632016,0.658597705283648,0.294176091980859,0.587764604815473,0.261785425470917,0.720925688808029,0.0443031468816901,0.370429777584001,0.674543689968966,0.105779571475524,4,54,FALSE
"121","5_174_7",0,0.239381204961335,0.0464455243262937,0.0464455243262937,1,0.452763604857794,0.808153441464037,0.336396670967109,0.490635556709082,0.167717202748398,0.816084202085184,0.953579816226087,0.118268242352687,0.680804445012059,0,0.674314703136511,0.86201328236468,0.946072002734047,0.549240014460287,0.423767021366561,0.325095723948617,0.0620382651558776,2,20,FALSE
"122","5_174_11",0,0.170045719151317,0.0466158706508686,0.0466158706508686,0.515757056704883,0.19702327945899,0.863258407513751,0.112910848793264,0.786161407573594,0.22754578360745,0.877633322994247,0.998728333710463,0.198554235031796,0.256311169742928,0.434841030077786,0.638761461449917,0.627084314823288,0.560787382968456,0.651020962274776,0.907078109671523,0.711488197861268,0.0799505692893011,2,20,FALSE
"123","5_175_1",0,0.069654346012827,0.047400656970234,0.047400656970234,0.986679505258234,0.285159373198751,0.827537430441697,0.270979715759345,0.91003318828139,0.224706643524114,0.854175739835849,0.691838140429739,0.123873532476793,0.778291136654212,0.529601497668245,0.528781355512582,0.197456696033094,0.997757420786093,0.00482749858577519,0.230967424140686,0.831518258725634,0.156817056935803,4,54,FALSE
"124","5_175_4",0,0.0818423587280094,0.0470227235872715,0.0470227235872715,0.321510864387663,0.762289605892232,0.945913945042726,0.324446498411245,0.739159411837306,0.175379353920181,0.430300587383063,0.714265407821158,0.206167648104448,0.978898088907897,0.471499112002146,0.62817630472629,0.294318093596595,0.538389088727573,0.662604743027565,0.213442146353572,0.902186805528287,0.0865621305583108,4,54,FALSE
"125","5_175_10",0,0.0290946461034678,0.0479155427088268,0.0479155427088268,0.811475434798249,1,0.888191448467988,0.329264126245873,0.764829571965876,0.198522552430741,0.605032320921652,0.757249588550196,0.331534794796644,0.992265255183775,0.30704636442868,0.611572343447379,0.914503064667059,0.222644332486062,0.0370611226341857,0.178584487576977,0.713560200500696,0.103310963883577,4,54,TRUE
"126","5_176_6",0,0.0637315086611005,0.0473984189023833,0.0473984189023833,0.673759694913728,0.492487368292111,0.900782985843526,0.300780911034398,0.712519487516592,0.149540538127248,0.77079230242789,0.445262801039729,0.169180533462438,0.79852553963947,0.267309285309169,0.604123611559203,0.382565758495181,0.37734813119062,0.16979008413372,0.530746509654214,0.815039218338629,0.0741493406358942,4,54,FALSE
"127","5_177_5",0,0.034781370732158,0.047834217080984,0.047834217080984,0.79210656835018,0.953826885295066,0.893335338015541,0.328916872304474,0.838574283285948,0.210024768872259,0.868862544666359,0.591272599213784,0.0498221633141041,0.844930967245932,0.471151712591655,0.593281078414715,0.555550680279958,0.534014639868633,0.0991547609948197,0.322795384508645,0.815047286111741,0.0985707913215341,4,54,FALSE
"128","5_178_1",0,0.080890097570415,0.0470356352754952,0.0470356352754952,0.321510864387663,0.762289605892232,0.929028928843362,0.359428599102896,0.721680749019813,0.167179387930969,0.430300587383063,0.714265407821158,0.223628898899116,1,0.456461877436879,0.634096248644027,0.294318093596595,0.538389088727573,0.591891021384428,0.0713167329660663,0.916230526632061,0.081979417326136,4,54,FALSE
"129","5_180_1",0,0.243344072348506,0.0465105837673855,0.0465105837673855,0.623523436808146,0.299533781295359,0.808153441464037,0.336396670967109,0.490635556709082,0.140000870884701,0.53749189652833,0.948720405871237,0.243344630129401,0.680804445012059,0,0.674314703136511,0.684206236973702,0.949571561899453,1,0.423767021366561,0.325095723948617,0.0620382651558776,2,20,FALSE
"130","5_180_2",0,0.0450011732096725,0.0476751632460933,0.0476751632460933,0.726484784774615,0.74063683628251,0.887985185991144,0.328916872304474,0.838574283285948,0.210024768872259,0.868862544666359,0.405697976719833,0.0796714429163967,0.775078947581991,0.471151712591655,0.593281078414715,0.487153131943276,0.412670783461614,0.0558805299015648,0.322795384508645,0.815047286111741,0.0985707913215341,4,54,FALSE
"131","5_180_10",0,0.0883220457601203,0.0470910971811394,0.0470910971811394,0.216604946261974,0.510594833738769,0.902773129078837,0.32425861615716,0.849165275175745,0.248304693721314,0.889325341370154,0.812278308358159,0.104998155438216,0.849475697871315,0.672285487634728,0.581407869422919,0.179932904216319,0.747827365158141,0.0721188890163686,0.361594226173985,0.759813553078778,0.122813230220732,4,54,FALSE
"132","5_181_10",0,0.0817622227312403,0.0470065976464673,0.0470065976464673,0.467057165026427,0.533200666613176,0.988558083332246,0.216335812067541,0.771985751866003,0.17972512529084,0.854078672458698,0.933437351471749,0.07996338683197,0.68645380863938,0.325898685403053,0.542084770371484,0.261785425470917,0.720925688808029,0.0778017675372162,0.0947577467935777,0.701764189136471,0.10799082864359,4,54,FALSE
"133","5_182_2",0,0.0543122392634778,0.0471017658467145,0.0471017658467145,0.73750513595755,0.553024283504286,0.993056711660645,0.189426150813966,0.762199464534191,0.214685026658382,0.642854496558168,0.831882123609363,0.106505038289633,0.890674702628067,0.460550509377892,0.625234573006766,0.661558918085426,0,0.232572931336206,0.231763660516147,0.733544866435783,0.0836123478339476,4,54,FALSE
"134","5_182_9",0,0.263513550204084,0.0463592190855224,0.0463592190855224,1,0.452763604857794,0.808153441464037,0.336396670967109,0.490635556709082,0.167717202748398,0.888341462379232,0.953579816226087,0.215316607823078,0.680804445012059,0,0.674314703136511,0.89319230636728,0.946072002734047,0.9525697083526,0.423767021366561,0.325095723948617,0.0620382651558776,2,20,FALSE
"135","5_182_10",0,0.0344493346010618,0.0483593758241173,0.0483593758241173,0.560170039367396,0.858908469809835,0.956130703511813,0.322933033374366,0.915171922399929,0.243870821697874,0.868862544666359,0.115852203109991,0.0249145796775929,0.906380165311295,0.848073082615771,0.528454178657287,0.217039831026533,0.0830248932084092,0.300485869423145,0.242018075056829,0.912630429793919,0.12779681220342,4,54,FALSE
